Identifier,title,title_alternative,date,Publish note,Publisher,Place of publication,Abstract,Extent,subject,subject_URI,subject2,subject2_URI,form,form_URI,typeOfResource,language,rights,rights_URI,Call number,Handbook/Schedule
UThandbook_1889-90,"Student handbook, University of Tennesee, 1889","Students' hand-book, presented by the Young Men's Christian Association of the University of Tennessee",1889,"Published by The Association, Knoxville, Tenn. 1889",American Y.M.C.A.,,Students' handbook to help acquaint students with the customs and traditions of the university.,43,College students,http://id.loc.gov/authorities/subjects/sh85028356,"College student orientation--Handbooks, manuals, etc.",http://id.loc.gov/authorities/subjects/sh2009120663,handbooks,http://vocab.getty.edu/aat/300311807,text,English,No Copyright – United States,http://rightsstatements.org/vocab/NoC-US/1.0/,LD5298.3 .S8,#REF!
UThandbook_1890-91,"Student handbook, University of Tennesee, 1890","Students' hand-book, presented by the Young Men's Christian Association of the University of Tennessee",1890,"Published by The Association, Knoxville, Tenn. 1890",American Y.M.C.A.,,Students' handbook to help acquaint students with the customs and traditions of the university.,53,College students,http://id.loc.gov/authorities/subjects/sh85028356,"College student orientation--Handbooks, manuals, etc.",http://id.loc.gov/authorities/subjects/sh2009120664,handbooks,http://vocab.getty.edu/aat/300311807,text,English,No Copyright – United States,http://rightsstatements.org/vocab/NoC-US/1.0/,LD5298.3 .S8,#REF!
UThandbook_1891-92,"Student handbook, University of Tennesee, 1891","Students' hand-book, presented by the Young Men's Christian Association of the University of Tennessee",1891,"Published by The Association, Knoxville, Tenn. 1891",American Y.M.C.A.,,Students' handbook to help acquaint students with the customs and traditions of the university.,70,College students,http://id.loc.gov/authorities/subjects/sh85028356,"College student orientation--Handbooks, manuals, etc.",http://id.loc.gov/authorities/subjects/sh2009120665,handbooks,http://vocab.getty.edu/aat/300311807,text,English,No Copyright – United States,http://rightsstatements.org/vocab/NoC-US/1.0/,LD5298.3 .S8,#REF!
UThandbook_1892-93,"Student handbook, University of Tennesee, 1892","Students' Hand Book, presented by the Young Men's Christian Association of the University of Tennessee",1892,"Published by The Association, Knoxville, Tenn. 1892",American Y.M.C.A.,,Students' handbook to help acquaint students with the customs and traditions of the university.,52,College students,http://id.loc.gov/authorities/subjects/sh85028356,"College student orientation--Handbooks, manuals, etc.",http://id.loc.gov/authorities/subjects/sh2009120666,handbooks,http://vocab.getty.edu/aat/300311807,text,English,No Copyright – United States,http://rightsstatements.org/vocab/NoC-US/1.0/,LD5298.3 .S8,#REF!
UThandbook_1893-94,"Student handbook, University of Tennesee, 1893","Students' hand-book, presented by the Young Men's Christian Association of the University of Tennessee",1893,"Published by The Association, Knoxville, Tenn. 1893",American Y.M.C.A.,,Students' handbook to help acquaint students with the customs and traditions of the university.,52,College students,http://id.loc.gov/authorities/subjects/sh85028356,"College student orientation--Handbooks, manuals, etc.",http://id.loc.gov/authorities/subjects/sh2009120667,handbooks,http://vocab.getty.edu/aat/300311807,text,English,No Copyright – United States,http://rightsstatements.org/vocab/NoC-US/1.0/,LD5298.3 .S8,#REF!
UThandbook_1894-95,"Student handbook, University of Tennesee, 1894","Students' hand-book, presented by the Young Men's Christian Association of the University of Tennessee",1894,"Published by The Association, Knoxville, Tenn. 1894",American Y.M.C.A.,,Students' handbook to help acquaint students with the customs and traditions of the university.,91,College students,http://id.loc.gov/authorities/subjects/sh85028356,"College student orientation--Handbooks, manuals, etc.",http://id.loc.gov/authorities/subjects/sh2009120668,handbooks,http://vocab.getty.edu/aat/300311807,text,English,No Copyright – United States,http://rightsstatements.org/vocab/NoC-US/1.0/,LD5298.3 .S8,#REF!
UThandbook_1895-96,"Student handbook, University of Tennesee, 1895","Students' hand-book No. 7, presented by the Young Men's Christian Association of the University of Tennessee",1895,"Published by The Association, Knoxville, Tenn. 1895",American Y.M.C.A.,,Students' handbook to help acquaint students with the customs and traditions of the university.,83,College students,http://id.loc.gov/authorities/subjects/sh85028356,"College student orientation--Handbooks, manuals, etc.",http://id.loc.gov/authorities/subjects/sh2009120669,handbooks,http://vocab.getty.edu/aat/300311807,text,English,No Copyright – United States,http://rightsstatements.org/vocab/NoC-US/1.0/,LD5298.3 .S8,#REF!
UThandbook_1896-97,"Student handbook, University of Tennesee, 1896","Students' hand-book No. 8, presented by the Young Men's Christian Association of the University of Tennessee",1896,"Published by The Association, Knoxville, Tenn. 1896",American Y.M.C.A.,,Students' handbook to help acquaint students with the customs and traditions of the university.,74,College students,http://id.loc.gov/authorities/subjects/sh85028356,"College student orientation--Handbooks, manuals, etc.",http://id.loc.gov/authorities/subjects/sh2009120670,handbooks,http://vocab.getty.edu/aat/300311807,text,English,No Copyright – United States,http://rightsstatements.org/vocab/NoC-US/1.0/,LD5298.3 .S8,#REF!
UThandbook_1897-98,"Student handbook, University of Tennesee, 1897","Students' hand-book No. 9, presented by the Young Men's Christian Association of the University of Tennessee",1897,"Published by The Association, Knoxville, Tenn. 1897",American Y.M.C.A.,,Students' handbook to help acquaint students with the customs and traditions of the university.,83,College students,http://id.loc.gov/authorities/subjects/sh85028356,"College student orientation--Handbooks, manuals, etc.",http://id.loc.gov/authorities/subjects/sh2009120671,handbooks,http://vocab.getty.edu/aat/300311807,text,English,No Copyright – United States,http://rightsstatements.org/vocab/NoC-US/1.0/,LD5298.3 .S8,#REF!
UThandbook_1899-1900,"Student handbook, University of Tennesee, 1899","Students' hand-book No. 10, presented by the Young Men's Christian Association of the University of Tennessee",1899,"Published by The Association, Knoxville, Tenn. 1899",American Y.M.C.A.,,Students' handbook to help acquaint students with the customs and traditions of the university.,66,College students,http://id.loc.gov/authorities/subjects/sh85028356,"College student orientation--Handbooks, manuals, etc.",http://id.loc.gov/authorities/subjects/sh2009120672,handbooks,http://vocab.getty.edu/aat/300311807,text,English,No Copyright – United States,http://rightsstatements.org/vocab/NoC-US/1.0/,LD5298.3 .S8,#REF!
UThandbook_1900-01,"Student handbook, University of Tennesee, 1900","Students' hand-book No. 10, presented by the Young Men's Christian Association of the University of Tennessee",1900,"Published by The Association, Knoxville, Tenn. 1900",American Y.M.C.A.,,Students' handbook to help acquaint students with the customs and traditions of the university.,85,College students,http://id.loc.gov/authorities/subjects/sh85028356,"College student orientation--Handbooks, manuals, etc.",http://id.loc.gov/authorities/subjects/sh2009120673,handbooks,http://vocab.getty.edu/aat/300311807,text,English,No Copyright – United States,http://rightsstatements.org/vocab/NoC-US/1.0/,LD5298.3 .S8,#REF!
UThandbook_1903-04,"Student handbook, University of Tennesee, 1903","Tennessee Students' hand book 1903-1904, volume 12",1903,"Published by the Young Men's Chrisitan Association of the University of Tennessee, 1903",American Y.M.C.A.,,Students' handbook to help acquaint students with the customs and traditions of the university.,72,College students,http://id.loc.gov/authorities/subjects/sh85028356,"College student orientation--Handbooks, manuals, etc.",http://id.loc.gov/authorities/subjects/sh2009120674,handbooks,http://vocab.getty.edu/aat/300311807,text,English,No Copyright – United States,http://rightsstatements.org/vocab/NoC-US/1.0/,LD5298.3 .S8,#REF!
UThandbook_1904-05,"Student handbook, University of Tennesee, 1904","Tennessee Students' hand book 1904-1905, volume 13",1904,"Published by the Young Men's Chrisitan Association of the University of Tennessee, 1904",American Y.M.C.A.,,Students' handbook to help acquaint students with the customs and traditions of the university.,71,College students,http://id.loc.gov/authorities/subjects/sh85028356,"College student orientation--Handbooks, manuals, etc.",http://id.loc.gov/authorities/subjects/sh2009120675,handbooks,http://vocab.getty.edu/aat/300311807,text,English,No Copyright – United States,http://rightsstatements.org/vocab/NoC-US/1.0/,LD5298.3 .S8,#REF!
UThandbook_1906-07,"Student handbook, University of Tennesee, 1906","Tennessee Students' hand book 1906-1907, volume 14",1906,"Published by the Young Men's Chrisitan Association of the University of Tennessee, 1906",American Y.M.C.A.,,Students' handbook to help acquaint students with the customs and traditions of the university.,64,College students,http://id.loc.gov/authorities/subjects/sh85028356,"College student orientation--Handbooks, manuals, etc.",http://id.loc.gov/authorities/subjects/sh2009120676,handbooks,http://vocab.getty.edu/aat/300311807,text,English,No Copyright – United States,http://rightsstatements.org/vocab/NoC-US/1.0/,LD5298.3 .S8,#REF!
UThandbook_1907-08,"Student handbook, University of Tennesee, 1907","Tennessee Students' hand book 1907-1908, volume 15",1907,"Published by the Young Men's Chrisitan Association of the University of Tennessee, 1907",American Y.M.C.A.,,Students' handbook to help acquaint students with the customs and traditions of the university.,62,College students,http://id.loc.gov/authorities/subjects/sh85028356,"College student orientation--Handbooks, manuals, etc.",http://id.loc.gov/authorities/subjects/sh2009120677,handbooks,http://vocab.getty.edu/aat/300311807,text,English,No Copyright – United States,http://rightsstatements.org/vocab/NoC-US/1.0/,LD5298.3 .S8,#REF!
UThandbook_1908-09,"Student handbook, University of Tennesee, 1908","Tennessee Students' hand book 1908-1909, volume 16",1908,"Published by the Young Men's Chrisitan Association of the University of Tennessee, 1908",American Y.M.C.A.,,Students' handbook to help acquaint students with the customs and traditions of the university.,71,College students,http://id.loc.gov/authorities/subjects/sh85028356,"College student orientation--Handbooks, manuals, etc.",http://id.loc.gov/authorities/subjects/sh2009120678,handbooks,http://vocab.getty.edu/aat/300311807,text,English,No Copyright – United States,http://rightsstatements.org/vocab/NoC-US/1.0/,LD5298.3 .S8,#REF!
UThandbook_1909-10,"Student handbook, University of Tennesee, 1909","Tennessee Students' hand book 1909-1910, volume 17",1909,"Published by the Young Men's Chrisitan Association of the University of Tennessee, 1909",American Y.M.C.A.,,Students' handbook to help acquaint students with the customs and traditions of the university.,59,College students,http://id.loc.gov/authorities/subjects/sh85028356,"College student orientation--Handbooks, manuals, etc.",http://id.loc.gov/authorities/subjects/sh2009120679,handbooks,http://vocab.getty.edu/aat/300311807,text,English,No Copyright – United States,http://rightsstatements.org/vocab/NoC-US/1.0/,LD5298.3 .S8,#REF!
UThandbook_1910-11,"Student handbook, University of Tennesee, 1910","The hand-book of the University of Tennessee 1910-1911, volume 18",1910,"Published by the Young Men's Chrisitan Association of the University of Tennessee, 1910",American Y.M.C.A.,,Students' handbook to help acquaint students with the customs and traditions of the university.,81,College students,http://id.loc.gov/authorities/subjects/sh85028356,"College student orientation--Handbooks, manuals, etc.",http://id.loc.gov/authorities/subjects/sh2009120680,handbooks,http://vocab.getty.edu/aat/300311807,text,English,No Copyright – United States,http://rightsstatements.org/vocab/NoC-US/1.0/,LD5298.3 .S8,#REF!
UThandbook_1911-12,"Student handbook, University of Tennesee, 1911","The hand-book of the University of Tennessee 1911-1912, volume 19",1911,"Published by the Young Men's Chrisitan Association of the University of Tennessee, 1911",American Y.M.C.A.,,Students' handbook to help acquaint students with the customs and traditions of the university.,74,College students,http://id.loc.gov/authorities/subjects/sh85028356,"College student orientation--Handbooks, manuals, etc.",http://id.loc.gov/authorities/subjects/sh2009120681,handbooks,http://vocab.getty.edu/aat/300311807,text,English,No Copyright – United States,http://rightsstatements.org/vocab/NoC-US/1.0/,LD5298.3 .S8,#REF!
UThandbook_1921-22,"Student handbook, University of Tennesee, 1921","1921-1922 Students' hand book of the University of Tennessee, volume 1",1921,Compliments of Young Men's Christian Association and All Students' Club,American Y.M.C.A.,,Students' handbook to help acquaint students with the customs and traditions of the university.,100,College students,http://id.loc.gov/authorities/subjects/sh85028356,"College student orientation--Handbooks, manuals, etc.",http://id.loc.gov/authorities/subjects/sh2009120682,handbooks,http://vocab.getty.edu/aat/300311807,text,English,No Copyright – United States,http://rightsstatements.org/vocab/NoC-US/1.0/,LD5298.3 .S8,#REF!
UThandbook_1921-22_regs,"University regulations for students, University of Tennessee, 1921",Information for Students of the University of Tennessee,1921,University of Tennessee,University of Tennessee,,Regulations for students at the University of Tennessee.,15,College students,http://id.loc.gov/authorities/subjects/sh85028356,"College student orientation--Handbooks, manuals, etc.",http://id.loc.gov/authorities/subjects/sh2009120682,handbooks,http://vocab.getty.edu/aat/300311807,text,English,No Copyright – United States,http://rightsstatements.org/vocab/NoC-US/1.0/,LD5298.3 .S8,#REF!
UThandbook_1922-23_regs,"University regulations for students, University of Tennessee, 1922","Information for Students of the University of Tennessee, 1922-1923",1922,University of Tennessee,University of Tennessee,,Regulations for students at the University of Tennessee.,18,College students,http://id.loc.gov/authorities/subjects/sh85028356,"College student orientation--Handbooks, manuals, etc.",http://id.loc.gov/authorities/subjects/sh2009120682,handbooks,http://vocab.getty.edu/aat/300311807,text,English,No Copyright – United States,http://rightsstatements.org/vocab/NoC-US/1.0/,LD5298.3 .S8,#REF!
UThandbook_1923-24,"Student handbook, University of Tennesee, 1923","The T book, 1923-1924",1923,Christian Associations of the University of Tennesse Knoxville,American Y.M.C.A.,,Students' handbook to help acquaint students with the customs and traditions of the university.,102,College students,http://id.loc.gov/authorities/subjects/sh85028356,"College student orientation--Handbooks, manuals, etc.",http://id.loc.gov/authorities/subjects/sh2009120682,handbooks,http://vocab.getty.edu/aat/300311807,text,English,No Copyright – United States,http://rightsstatements.org/vocab/NoC-US/1.0/,LD5298.3 .S8,#REF!
UThandbook_1923-24_sched,"Class schedule, University of Tennesse, 1923","Schedule of Classes And Information for Students of the University of Tennessee, 1923-1924",1923,University of Tennessee,University of Tennessee,,Schedule of classes and regulations for students at the University of Tennessee.,44,College students,http://id.loc.gov/authorities/subjects/sh85028356,"College student orientation--Handbooks, manuals, etc.",http://id.loc.gov/authorities/subjects/sh2009120682,handbooks,http://vocab.getty.edu/aat/300311807,text,English,No Copyright – United States,http://rightsstatements.org/vocab/NoC-US/1.0/,LD5298.3 .S8,#REF!
UThandbook_1924-25,"Student handbook, University of Tennesee, 1924","The T book, 1924-1925",1924,Christian Associations of the University of Tennesse Knoxville,American Y.M.C.A.,,Students' handbook to help acquaint students with the customs and traditions of the university.,174,College students,http://id.loc.gov/authorities/subjects/sh85028356,"College student orientation--Handbooks, manuals, etc.",http://id.loc.gov/authorities/subjects/sh2009120682,handbooks,http://vocab.getty.edu/aat/300311807,text,English,No Copyright – United States,http://rightsstatements.org/vocab/NoC-US/1.0/,LD5298.3 .S8,#REF!
UThandbook_1924-25_sched,"Class schedule, University of Tennesse, 1924","Schedule of Classes And Information for Students of the University of Tennessee, 1924-1925",1924,University of Tennessee,University of Tennessee,,Schedule of classes and regulations for students at the University of Tennessee.,40,College students,http://id.loc.gov/authorities/subjects/sh85028356,"College student orientation--Handbooks, manuals, etc.",http://id.loc.gov/authorities/subjects/sh2009120682,handbooks,http://vocab.getty.edu/aat/300311807,text,English,No Copyright – United States,http://rightsstatements.org/vocab/NoC-US/1.0/,LD5298.3 .S8,#REF!
UThandbook_1925-26,"Student handbook, University of Tennesee, 1925","The Tennessee hand book, 1925-1926",1925,YMCA and YWCA of the University of Tennesse Knoxville,American Y.M.C.A.,,Students' handbook to help acquaint students with the customs and traditions of the university.,176,College students,http://id.loc.gov/authorities/subjects/sh85028356,"College student orientation--Handbooks, manuals, etc.",http://id.loc.gov/authorities/subjects/sh2009120682,handbooks,http://vocab.getty.edu/aat/300311807,text,English,No Copyright – United States,http://rightsstatements.org/vocab/NoC-US/1.0/,LD5298.3 .S8,#REF!
UThandbook_1925-26_sched,"Class schedule, University of Tennesse, 1925","Schedule of Classes And Information for Students of the University of Tennessee, 1925-1926",1925,University of Tennessee,University of Tennessee,,Schedule of classes and regulations for students at the University of Tennessee.,52,College students,http://id.loc.gov/authorities/subjects/sh85028356,"College student orientation--Handbooks, manuals, etc.",http://id.loc.gov/authorities/subjects/sh2009120682,handbooks,http://vocab.getty.edu/aat/300311807,text,English,No Copyright – United States,http://rightsstatements.org/vocab/NoC-US/1.0/,LD5298.3 .S8,#REF!
UThandbook_1926-27,"Student handbook, University of Tennesee, 1926","The University of Tennessee T book, 1926-27",1926,YMCA and YWCA,American Y.M.C.A.,,Students' handbook to help acquaint students with the customs and traditions of the university.,152,College students,http://id.loc.gov/authorities/subjects/sh85028356,"College student orientation--Handbooks, manuals, etc.",http://id.loc.gov/authorities/subjects/sh2009120682,handbooks,http://vocab.getty.edu/aat/300311807,text,English,No Copyright – United States,http://rightsstatements.org/vocab/NoC-US/1.0/,LD5298.3 .S8,#REF!
UThandbook_1926-27_sched,"Class schedule, University of Tennesse, 1926","Schedule of Classes And Information for Students of the University of Tennessee, 1926-1927",1926,University of Tennessee,University of Tennessee,,Schedule of classes and regulations for students at the University of Tennessee.,56,College students,http://id.loc.gov/authorities/subjects/sh85028356,"College student orientation--Handbooks, manuals, etc.",http://id.loc.gov/authorities/subjects/sh2009120682,handbooks,http://vocab.getty.edu/aat/300311807,text,English,No Copyright – United States,http://rightsstatements.org/vocab/NoC-US/1.0/,LD5298.3 .S8,#REF!
UThandbook_1927-28_sched,"Class schedule, University of Tennesse, 1927","Schedule of Classes And Information for Students of the University of Tennessee, 1927-1928",1927,University of Tennessee,University of Tennessee,,Schedule of classes and regulations for students at the University of Tennessee.,72,College students,http://id.loc.gov/authorities/subjects/sh85028356,"College student orientation--Handbooks, manuals, etc.",http://id.loc.gov/authorities/subjects/sh2009120682,handbooks,http://vocab.getty.edu/aat/300311807,text,English,No Copyright – United States,http://rightsstatements.org/vocab/NoC-US/1.0/,LD5298.3 .S8,#REF!
UThandbook_1928-29_sched,"Class schedule, University of Tennesse, 1928","Schedule of Classes And Information for Students of the University of Tennessee, 1928-1929",1928,University of Tennessee,University of Tennessee,,Schedule of classes and regulations for students at the University of Tennessee.,80,College students,http://id.loc.gov/authorities/subjects/sh85028356,"College student orientation--Handbooks, manuals, etc.",http://id.loc.gov/authorities/subjects/sh2009120682,handbooks,http://vocab.getty.edu/aat/300311807,text,English,No Copyright – United States,http://rightsstatements.org/vocab/NoC-US/1.0/,LD5298.3 .S8,#REF!
UThandbook_1929-30,"Student handbook, University of Tennesee, 1929","Student handbook containing information for students and schedule of classes of the University of Tennessee, 1929-30",1929,University of Tennessee,University of Tennessee,,Schedule of classes and regulations for students at the University of Tennessee.,80,College students,http://id.loc.gov/authorities/subjects/sh85028356,"College student orientation--Handbooks, manuals, etc.",http://id.loc.gov/authorities/subjects/sh2009120682,handbooks,http://vocab.getty.edu/aat/300311807,text,English,No Copyright – United States,http://rightsstatements.org/vocab/NoC-US/1.0/,LD5298.3 .S8,#REF!
UThandbook_1930-31,"Student handbook, University of Tennesee, 1930","Student handbook containing information for students and schedule of classes of the University of Tennessee, 1930-1931",1930,University of Tennessee,University of Tennessee,,Schedule of classes and regulations for students at the University of Tennessee.,80,College students,http://id.loc.gov/authorities/subjects/sh85028356,"College student orientation--Handbooks, manuals, etc.",http://id.loc.gov/authorities/subjects/sh2009120682,handbooks,http://vocab.getty.edu/aat/300311807,text,English,No Copyright – United States,http://rightsstatements.org/vocab/NoC-US/1.0/,LD5298.3 .S8,#REF!
UThandbook_1932-33,"Student handbook, University of Tennesee, 1932","Student handbook containing information for students and schedule of classes of the University of Tennessee, 1932-33",1932,University of Tennessee,University of Tennessee,,Schedule of classes and regulations for students at the University of Tennessee.,92,College students,http://id.loc.gov/authorities/subjects/sh85028356,"College student orientation--Handbooks, manuals, etc.",http://id.loc.gov/authorities/subjects/sh2009120682,handbooks,http://vocab.getty.edu/aat/300311807,text,English,No Copyright – United States,http://rightsstatements.org/vocab/NoC-US/1.0/,LD5298.3 .S8,#REF!
UThandbook_1933-34,"Student handbook, University of Tennesee, 1933","Student handbook containing information for students and schedule of classes of the University of Tennessee, 1933-34",1933,University of Tennessee,University of Tennessee,,Schedule of classes and regulations for students at the University of Tennessee.,78,College students,http://id.loc.gov/authorities/subjects/sh85028356,"College student orientation--Handbooks, manuals, etc.",http://id.loc.gov/authorities/subjects/sh2009120682,handbooks,http://vocab.getty.edu/aat/300311807,text,English,No Copyright – United States,http://rightsstatements.org/vocab/NoC-US/1.0/,LD5298.3 .S8,#REF!
UThandbook_1935-36,"Student handbook, University of Tennesee, 1935","Student handbook containing information for students and schedule of classes of the University of Tennessee, 1935-36",1935,University of Tennessee,University of Tennessee,,Schedule of classes and regulations for students at the University of Tennessee.,88,College students,http://id.loc.gov/authorities/subjects/sh85028356,"College student orientation--Handbooks, manuals, etc.",http://id.loc.gov/authorities/subjects/sh2009120682,handbooks,http://vocab.getty.edu/aat/300311807,text,English,No Copyright – United States,http://rightsstatements.org/vocab/NoC-US/1.0/,LD5298.3 .S8,#REF!
UThandbook_1936-37,"Student handbook, University of Tennesee, 1936","Student handbook containing information for students and schedule of classes of the University of Tennessee, 1936-37",1936,University of Tennessee,University of Tennessee,,Schedule of classes and regulations for students at the University of Tennessee.,92,College students,http://id.loc.gov/authorities/subjects/sh85028356,"College student orientation--Handbooks, manuals, etc.",http://id.loc.gov/authorities/subjects/sh2009120682,handbooks,http://vocab.getty.edu/aat/300311807,text,English,No Copyright – United States,http://rightsstatements.org/vocab/NoC-US/1.0/,LD5298.3 .S8,#REF!
UThandbook_1937-38,"Student handbook, University of Tennesee, 1937","Student handbook containing information for students and schedule of classes of the University of Tennessee, 1937-38",1937,University of Tennessee,University of Tennessee,,Schedule of classes and regulations for students at the University of Tennessee.,90,College students,http://id.loc.gov/authorities/subjects/sh85028356,"College student orientation--Handbooks, manuals, etc.",http://id.loc.gov/authorities/subjects/sh2009120682,handbooks,http://vocab.getty.edu/aat/300311807,text,English,No Copyright – United States,http://rightsstatements.org/vocab/NoC-US/1.0/,LD5298.3 .S8,#REF!
UThandbook_1938-39,"Student handbook, University of Tennesee, 1938","Student handbook containing information for students and schedule of classes of the University of Tennessee, 1938-39",1938,University of Tennessee,University of Tennessee,,Schedule of classes and regulations for students at the University of Tennessee.,100,College students,http://id.loc.gov/authorities/subjects/sh85028356,"College student orientation--Handbooks, manuals, etc.",http://id.loc.gov/authorities/subjects/sh2009120682,handbooks,http://vocab.getty.edu/aat/300311807,text,English,No Copyright – United States,http://rightsstatements.org/vocab/NoC-US/1.0/,LD5298.3 .S8,#REF!
UThandbook_1939-40,"Student handbook, University of Tennesee, 1939","Student handbook containing information for students and schedule of classes of the University of Tennessee, 1939-40",1939,University of Tennessee,University of Tennessee,,Schedule of classes and regulations for students at the University of Tennessee.,102,College students,http://id.loc.gov/authorities/subjects/sh85028356,"College student orientation--Handbooks, manuals, etc.",http://id.loc.gov/authorities/subjects/sh2009120682,handbooks,http://vocab.getty.edu/aat/300311807,text,English,No Copyright – United States,http://rightsstatements.org/vocab/NoC-US/1.0/,LD5298.3 .S8,#REF!
UThandbook_1940-41,"Student handbook, University of Tennesee, 1940","Student handbook containing information for students and schedule of classes of the University of Tennessee, 1940-41",1940,University of Tennessee,University of Tennessee,,Schedule of classes and regulations for students at the University of Tennessee.,114,College students,http://id.loc.gov/authorities/subjects/sh85028356,"College student orientation--Handbooks, manuals, etc.",http://id.loc.gov/authorities/subjects/sh2009120682,handbooks,http://vocab.getty.edu/aat/300311807,text,English,No Copyright – United States,http://rightsstatements.org/vocab/NoC-US/1.0/,LD5298.3 .S8,#REF!
UThandbook_1941-42,"Student handbook, University of Tennesee, 1941","Student handbook containing information for students and schedule of classes of the University of Tennessee, 1941-42",1941,University of Tennessee,University of Tennessee,,Schedule of classes and regulations for students at the University of Tennessee.,116,College students,http://id.loc.gov/authorities/subjects/sh85028356,"College student orientation--Handbooks, manuals, etc.",http://id.loc.gov/authorities/subjects/sh2009120682,handbooks,http://vocab.getty.edu/aat/300311807,text,English,No Copyright – United States,http://rightsstatements.org/vocab/NoC-US/1.0/,LD5298.3 .S8,#REF!
UThandbook_1942-43,"Student handbook, University of Tennesee, 1942","Student handbook containing information for students and schedule of classes of the University of Tennessee, 1942-43",1942,University of Tennessee,University of Tennessee,,Schedule of classes and regulations for students at the University of Tennessee.,116,College students,http://id.loc.gov/authorities/subjects/sh85028356,"College student orientation--Handbooks, manuals, etc.",http://id.loc.gov/authorities/subjects/sh2009120682,handbooks,http://vocab.getty.edu/aat/300311807,text,English,No Copyright – United States,http://rightsstatements.org/vocab/NoC-US/1.0/,LD5298.3 .S8,#REF!
UThandbook_1943-44,"Student handbook, University of Tennesee, 1943","Student handbook containing information for students and schedule of classes of the University of Tennessee, 1943-44",1943,University of Tennessee,University of Tennessee,,Schedule of classes and regulations for students at the University of Tennessee.,40,College students,http://id.loc.gov/authorities/subjects/sh85028356,"College student orientation--Handbooks, manuals, etc.",http://id.loc.gov/authorities/subjects/sh2009120682,handbooks,http://vocab.getty.edu/aat/300311807,text,English,No Copyright – United States,http://rightsstatements.org/vocab/NoC-US/1.0/,LD5298.3 .S8,#REF!
UThandbook_1945-46,"Student handbook, University of Tennesee, 1945","Student handbook containing information for students and schedule of classes of the University of Tennessee, 1945-46",1945,University of Tennessee,University of Tennessee,,Schedule of classes and regulations for students at the University of Tennessee.,82,College students,http://id.loc.gov/authorities/subjects/sh85028356,"College student orientation--Handbooks, manuals, etc.",http://id.loc.gov/authorities/subjects/sh2009120682,handbooks,http://vocab.getty.edu/aat/300311807,text,English,No Copyright – United States,http://rightsstatements.org/vocab/NoC-US/1.0/,LD5298.3 .S8,#REF!
UThandbook_1946-47,"Student handbook, University of Tennesee, 1946","Student handbook containing information for students and schedule of classes of the University of Tennessee, 1946-47",1946,University of Tennessee,University of Tennessee,,Schedule of classes and regulations for students at the University of Tennessee.,66,College students,http://id.loc.gov/authorities/subjects/sh85028356,"College student orientation--Handbooks, manuals, etc.",http://id.loc.gov/authorities/subjects/sh2009120682,handbooks,http://vocab.getty.edu/aat/300311807,text,English,No Copyright – United States,http://rightsstatements.org/vocab/NoC-US/1.0/,LD5298.3 .S8,#REF!
UThandbook_1947_sched,"Class schedule, University of Tennesse, 1947","Complete schedule of classes, 1947",1947,University of Tennessee,University of Tennessee,,Schedule of classes for students at the University of Tennessee.,58,College students,http://id.loc.gov/authorities/subjects/sh85028356,"College student orientation--Handbooks, manuals, etc.",http://id.loc.gov/authorities/subjects/sh2009120682,handbooks,http://vocab.getty.edu/aat/300311807,text,English,No Copyright – United States,http://rightsstatements.org/vocab/NoC-US/1.0/,LD5298.3 .S8,#REF!
UThandbook_1947-48,"Student handbook, University of Tennesee, 1947","Student handbook containing information for students and schedule of classes of the University of Tennessee, 1947-48",1947,University of Tennessee,University of Tennessee,,Schedule of classes and regulations for students at the University of Tennessee.,84,College students,http://id.loc.gov/authorities/subjects/sh85028356,"College student orientation--Handbooks, manuals, etc.",http://id.loc.gov/authorities/subjects/sh2009120682,handbooks,http://vocab.getty.edu/aat/300311807,text,English,No Copyright – United States,http://rightsstatements.org/vocab/NoC-US/1.0/,LD5298.3 .S8,#REF!
UThandbook_1948-49,"Student handbook, University of Tennesee, 1948","Student handbook containing information for students and schedule of classes of the University of Tennessee, 1948-49",1948,University of Tennessee,University of Tennessee,,Schedule of classes and regulations for students at the University of Tennessee.,84,College students,http://id.loc.gov/authorities/subjects/sh85028356,"College student orientation--Handbooks, manuals, etc.",http://id.loc.gov/authorities/subjects/sh2009120682,handbooks,http://vocab.getty.edu/aat/300311807,text,English,No Copyright – United States,http://rightsstatements.org/vocab/NoC-US/1.0/,LD5298.3 .S8,#REF!
UThandbook_1949-50,"Student handbook, University of Tennesee, 1949","Student handbook containing information for students and schedule of classes of the University of Tennessee, 1949-50",1949,University of Tennessee,University of Tennessee,,Schedule of classes and regulations for students at the University of Tennessee.,88,College students,http://id.loc.gov/authorities/subjects/sh85028356,"College student orientation--Handbooks, manuals, etc.",http://id.loc.gov/authorities/subjects/sh2009120682,handbooks,http://vocab.getty.edu/aat/300311807,text,English,No Copyright – United States,http://rightsstatements.org/vocab/NoC-US/1.0/,LD5298.3 .S8,#REF!
UThandbook_1950-51,"Student handbook, University of Tennesee, 1950","Student handbook containing information for students and schedule of classes of the University of Tennessee, 1950-51",1950,University of Tennessee,University of Tennessee,,Schedule of classes and regulations for students at the University of Tennessee.,84,College students,http://id.loc.gov/authorities/subjects/sh85028356,"College student orientation--Handbooks, manuals, etc.",http://id.loc.gov/authorities/subjects/sh2009120682,handbooks,http://vocab.getty.edu/aat/300311807,text,English,No Copyright – United States,http://rightsstatements.org/vocab/NoC-US/1.0/,LD5298.3 .S8,#REF!
UThandbook_1951-52,"Student handbook, University of Tennesee, 1951","Student handbook containing information for students and schedule of classes of the University of Tennessee, 1951-52",1951,University of Tennessee,University of Tennessee,,Schedule of classes and regulations for students at the University of Tennessee.,78,College students,http://id.loc.gov/authorities/subjects/sh85028356,"College student orientation--Handbooks, manuals, etc.",http://id.loc.gov/authorities/subjects/sh2009120682,handbooks,http://vocab.getty.edu/aat/300311807,text,English,No Copyright – United States,http://rightsstatements.org/vocab/NoC-US/1.0/,LD5298.3 .S8,#REF!
UThandbook_1952-53,"Student handbook, University of Tennesee, 1952","Student handbook containing information for students and schedule of classes of the University of Tennessee, 1952-53",1952,University of Tennessee,University of Tennessee,,Schedule of classes and regulations for students at the University of Tennessee.,76,College students,http://id.loc.gov/authorities/subjects/sh85028356,"College student orientation--Handbooks, manuals, etc.",http://id.loc.gov/authorities/subjects/sh2009120682,handbooks,http://vocab.getty.edu/aat/300311807,text,English,No Copyright – United States,http://rightsstatements.org/vocab/NoC-US/1.0/,LD5298.3 .S8,#REF!
UThandbook_1953-54,"Student handbook, University of Tennesee, 1953","Student handbook containing information for students and schedule of classes of the University of Tennessee, 1953-54",1953,University of Tennessee,University of Tennessee,,Schedule of classes and regulations for students at the University of Tennessee.,48,College students,http://id.loc.gov/authorities/subjects/sh85028356,"College student orientation--Handbooks, manuals, etc.",http://id.loc.gov/authorities/subjects/sh2009120682,handbooks,http://vocab.getty.edu/aat/300311807,text,English,No Copyright – United States,http://rightsstatements.org/vocab/NoC-US/1.0/,LD5298.3 .S8,#REF!
UThandbook_1953-54-Hill,"All students' club handbook, University of Tennesee, 1953","The Hill, volume 1, 1953-54",1953,Published by the All Students' Club of the University of Tennessee,University of Tennessee,,"News of every organization, tradition, publications, and athletic team.",90,College students,http://id.loc.gov/authorities/subjects/sh85028356,"College student orientation--Handbooks, manuals, etc.",http://id.loc.gov/authorities/subjects/sh2009120682,handbooks,http://vocab.getty.edu/aat/300311807,text,English,No Copyright – United States,http://rightsstatements.org/vocab/NoC-US/1.0/,LD5298.3 .S8,#REF!
UThandbook_1954-55,"Student handbook, University of Tennesee, 1954","Student handbook containing information for students and schedule of classes of the University of Tennessee, 1954-55",1954,University of Tennessee,University of Tennessee,,Schedule of classes and regulations for students at the University of Tennessee.,52,College students,http://id.loc.gov/authorities/subjects/sh85028356,"College student orientation--Handbooks, manuals, etc.",http://id.loc.gov/authorities/subjects/sh2009120682,handbooks,http://vocab.getty.edu/aat/300311807,text,English,No Copyright – United States,http://rightsstatements.org/vocab/NoC-US/1.0/,LD5298.3 .S8,#REF!
UThandbook_1956-57,"Student handbook, University of Tennesee, 1956","Student handbook containing information for students and schedule of classes of the University of Tennessee, 1956-57",1956,University of Tennessee,University of Tennessee,,Schedule of classes and regulations for students at the University of Tennessee.,56,College students,http://id.loc.gov/authorities/subjects/sh85028356,"College student orientation--Handbooks, manuals, etc.",http://id.loc.gov/authorities/subjects/sh2009120682,handbooks,http://vocab.getty.edu/aat/300311807,text,English,No Copyright – United States,http://rightsstatements.org/vocab/NoC-US/1.0/,LD5298.3 .S8,#REF!
UThandbook_1957-58,"Student handbook, University of Tennesee, 1957","Student handbook containing information for students and schedule of classes of the University of Tennessee, 1957-58",1957,University of Tennessee,University of Tennessee,,Schedule of classes and regulations for students at the University of Tennessee.,56,College students,http://id.loc.gov/authorities/subjects/sh85028356,"College student orientation--Handbooks, manuals, etc.",http://id.loc.gov/authorities/subjects/sh2009120682,handbooks,http://vocab.getty.edu/aat/300311807,text,English,No Copyright – United States,http://rightsstatements.org/vocab/NoC-US/1.0/,LD5298.3 .S8,#REF!
UThandbook_1958-59,"Student handbook, University of Tennesee, 1958","Student handbook containing information for students and schedule of classes of the University of Tennessee, 1958-59",1958,University of Tennessee,University of Tennessee,,Schedule of classes and regulations for students at the University of Tennessee.,56,College students,http://id.loc.gov/authorities/subjects/sh85028356,"College student orientation--Handbooks, manuals, etc.",http://id.loc.gov/authorities/subjects/sh2009120682,handbooks,http://vocab.getty.edu/aat/300311807,text,English,No Copyright – United States,http://rightsstatements.org/vocab/NoC-US/1.0/,LD5298.3 .S8,#REF!
UThandbook_1959-60,"Student handbook, University of Tennesee, 1959","Student handbook containing information for students and schedule of classes of the University of Tennessee, 1959-60",1959,University of Tennessee,University of Tennessee,,Schedule of classes and regulations for students at the University of Tennessee.,56,College students,http://id.loc.gov/authorities/subjects/sh85028356,"College student orientation--Handbooks, manuals, etc.",http://id.loc.gov/authorities/subjects/sh2009120682,handbooks,http://vocab.getty.edu/aat/300311807,text,English,No Copyright – United States,http://rightsstatements.org/vocab/NoC-US/1.0/,LD5298.3 .S8,#REF!
UThandbook_1960-61,"Student handbook, University of Tennesee, 1960","Student handbook containing information for students and schedule of classes of the University of Tennessee, 1960-61",1960,University of Tennessee,University of Tennessee,,Schedule of classes and regulations for students at the University of Tennessee.,60,College students,http://id.loc.gov/authorities/subjects/sh85028356,"College student orientation--Handbooks, manuals, etc.",http://id.loc.gov/authorities/subjects/sh2009120682,handbooks,http://vocab.getty.edu/aat/300311807,text,English,No Copyright – United States,http://rightsstatements.org/vocab/NoC-US/1.0/,LD5298.3 .S8,#REF!
UThandbook_1961-62,"Student handbook, University of Tennesee, 1961","Student handbook containing information for students and schedule of classes of the University of Tennessee, 1961-62",1961,University of Tennessee,University of Tennessee,,Schedule of classes and regulations for students at the University of Tennessee.,57,College students,http://id.loc.gov/authorities/subjects/sh85028356,"College student orientation--Handbooks, manuals, etc.",http://id.loc.gov/authorities/subjects/sh2009120682,handbooks,http://vocab.getty.edu/aat/300311807,text,English,No Copyright – United States,http://rightsstatements.org/vocab/NoC-US/1.0/,LD5298.3 .S8,#REF!
UThandbook_1963-64,"Student handbook, University of Tennesee, 1963","Student handbook containing information for students and schedule of classes of the University of Tennessee, 1963-64",1963,University of Tennessee,University of Tennessee,,Schedule of classes and regulations for students at the University of Tennessee.,60,College students,http://id.loc.gov/authorities/subjects/sh85028356,"College student orientation--Handbooks, manuals, etc.",http://id.loc.gov/authorities/subjects/sh2009120682,handbooks,http://vocab.getty.edu/aat/300311807,text,English,No Copyright – United States,http://rightsstatements.org/vocab/NoC-US/1.0/,LD5298.3 .S8,#REF!
UThandbook_1964,"Student discipline policy and procedure, University of Tennessee, 1964","Student Discipline Policy and Procedure, 1964",1964,University of Tennessee,University of Tennessee,,,18,College students,http://id.loc.gov/authorities/subjects/sh85028356,"College student orientation--Handbooks, manuals, etc.",http://id.loc.gov/authorities/subjects/sh2009120682,handbooks,http://vocab.getty.edu/aat/300311807,text,English,No Copyright – United States,http://rightsstatements.org/vocab/NoC-US/1.0/,LD5298.3 .S8,#REF!
UThandbook_1964-65,"Student handbook, University of Tennesee, 1964",Your UT student handbook,1964,University of Tennessee,University of Tennessee,,Students' handbook to help acquaint students with the customs and traditions of the university.,76,College students,http://id.loc.gov/authorities/subjects/sh85028356,"College student orientation--Handbooks, manuals, etc.",http://id.loc.gov/authorities/subjects/sh2009120682,handbooks,http://vocab.getty.edu/aat/300311807,text,English,No Copyright – United States,http://rightsstatements.org/vocab/NoC-US/1.0/,LD5298.3 .S8,#REF!
UThandbook_1965-66,"Student handbook, University of Tennesee, 1965",Hill topics: Your UT student handbook,1965,University of Tennessee,University of Tennessee,,Students' handbook to help acquaint students with the customs and traditions of the university.,100,College students,http://id.loc.gov/authorities/subjects/sh85028356,"College student orientation--Handbooks, manuals, etc.",http://id.loc.gov/authorities/subjects/sh2009120682,handbooks,http://vocab.getty.edu/aat/300311807,text,English,No Copyright – United States,http://rightsstatements.org/vocab/NoC-US/1.0/,LD5298.3 .S8,#REF!
UThandbook_1966-67,"Student handbook, University of Tennesee, 1966",Hill topics,1966,University of Tennessee,University of Tennessee,,Students' handbook to help acquaint students with the customs and traditions of the university.,100,College students,http://id.loc.gov/authorities/subjects/sh85028356,"College student orientation--Handbooks, manuals, etc.",http://id.loc.gov/authorities/subjects/sh2009120682,handbooks,http://vocab.getty.edu/aat/300311807,text,English,No Copyright – United States,http://rightsstatements.org/vocab/NoC-US/1.0/,LD5298.3 .S8,#REF!
UThandbook_1967-68,"Student handbook, University of Tennesee, 1967",Hill topics,1967,University of Tennessee,University of Tennessee,,Students' handbook to help acquaint students with the customs and traditions of the university.,100,College students,http://id.loc.gov/authorities/subjects/sh85028356,"College student orientation--Handbooks, manuals, etc.",http://id.loc.gov/authorities/subjects/sh2009120682,handbooks,http://vocab.getty.edu/aat/300311807,text,English,No Copyright – United States,http://rightsstatements.org/vocab/NoC-US/1.0/,LD5298.3 .S8,#REF!
UThandbook_1968-69,"Student handbook, University of Tennesee, 1968",Hill topics,1968,University of Tennessee,University of Tennessee,,Students' handbook to help acquaint students with the customs and traditions of the university.,68,College students,http://id.loc.gov/authorities/subjects/sh85028356,"College student orientation--Handbooks, manuals, etc.",http://id.loc.gov/authorities/subjects/sh2009120682,handbooks,http://vocab.getty.edu/aat/300311807,text,English,No Copyright – United States,http://rightsstatements.org/vocab/NoC-US/1.0/,LD5298.3 .S8,#REF!
UThandbook_1969-70,"Student handbook, University of Tennesee, 1969",Hill topics,1969,University of Tennessee,University of Tennessee,,Students' handbook to help acquaint students with the customs and traditions of the university.,84,College students,http://id.loc.gov/authorities/subjects/sh85028356,"College student orientation--Handbooks, manuals, etc.",http://id.loc.gov/authorities/subjects/sh2009120682,handbooks,http://vocab.getty.edu/aat/300311807,text,English,No Copyright – United States,http://rightsstatements.org/vocab/NoC-US/1.0/,LD5298.3 .S8,#REF!
UThandbook_1970-71-no1,"Student regulations handbook, University of Tennesee, 1970",Hill topics: Academic information and pertinent regulations,1970,University of Tennessee,University of Tennessee,,Students' handbook to help acquaint students with the customs and traditions of the university.,32,College students,http://id.loc.gov/authorities/subjects/sh85028356,"College student orientation--Handbooks, manuals, etc.",http://id.loc.gov/authorities/subjects/sh2009120682,handbooks,http://vocab.getty.edu/aat/300311807,text,English,No Copyright – United States,http://rightsstatements.org/vocab/NoC-US/1.0/,LD5298.3 .S8,#REF!
UThandbook_1970-71-no3,"Student rights handbook, University of Tennesee, 1970",Hill topics: Rights and responsibilities,1970,University of Tennessee,University of Tennessee,,Students' handbook to help acquaint students with the customs and traditions of the university.,56,College students,http://id.loc.gov/authorities/subjects/sh85028356,"College student orientation--Handbooks, manuals, etc.",http://id.loc.gov/authorities/subjects/sh2009120682,handbooks,http://vocab.getty.edu/aat/300311807,text,English,No Copyright – United States,http://rightsstatements.org/vocab/NoC-US/1.0/,LD5298.3 .S8,#REF!
UThandbook_1971-72-no1,"Student regulations handbook, University of Tennesee, 1971",Hill topics: Academic information and pertinent regulations,1971,University of Tennessee,University of Tennessee,,Students' handbook to help acquaint students with the customs and traditions of the university.,32,College students,http://id.loc.gov/authorities/subjects/sh85028356,"College student orientation--Handbooks, manuals, etc.",http://id.loc.gov/authorities/subjects/sh2009120682,handbooks,http://vocab.getty.edu/aat/300311807,text,English,No Copyright – United States,http://rightsstatements.org/vocab/NoC-US/1.0/,LD5298.3 .S8,#REF!
UThandbook_1971-72-no2,"Student activities handbook, University of Tennesee, 1971",Hill topics: Student activities,1971,University of Tennessee,University of Tennessee,,Students' handbook to help acquaint students with the customs and traditions of the university.,56,College students,http://id.loc.gov/authorities/subjects/sh85028356,"College student orientation--Handbooks, manuals, etc.",http://id.loc.gov/authorities/subjects/sh2009120682,handbooks,http://vocab.getty.edu/aat/300311807,text,English,No Copyright – United States,http://rightsstatements.org/vocab/NoC-US/1.0/,LD5298.3 .S8,#REF!
UThandbook_1971-72-no3,"Student rights handbook, University of Tennesee, 1971",Hill topics: Rights and responsibilities,1971,University of Tennessee,University of Tennessee,,Students' handbook to help acquaint students with the customs and traditions of the university.,54,College students,http://id.loc.gov/authorities/subjects/sh85028356,"College student orientation--Handbooks, manuals, etc.",http://id.loc.gov/authorities/subjects/sh2009120682,handbooks,http://vocab.getty.edu/aat/300311807,text,English,No Copyright – United States,http://rightsstatements.org/vocab/NoC-US/1.0/,LD5298.3 .S8,#REF!
UThandbook_1972-73,"Student handbook, University of Tennesee, 1972",Hill topics: a student handbook,1972,University of Tennessee,University of Tennessee,,Students' handbook to help acquaint students with the customs and traditions of the university.,82,College students,http://id.loc.gov/authorities/subjects/sh85028356,"College student orientation--Handbooks, manuals, etc.",http://id.loc.gov/authorities/subjects/sh2009120682,handbooks,http://vocab.getty.edu/aat/300311807,text,English,No Copyright – United States,http://rightsstatements.org/vocab/NoC-US/1.0/,LD5298.3 .S8,#REF!
UThandbook_1973-74,"Student handbook, University of Tennesee, 1973",Hill topics: a student handbook,1973,University of Tennessee,University of Tennessee,,Students' handbook to help acquaint students with the customs and traditions of the university.,83,College students,http://id.loc.gov/authorities/subjects/sh85028356,"College student orientation--Handbooks, manuals, etc.",http://id.loc.gov/authorities/subjects/sh2009120682,handbooks,http://vocab.getty.edu/aat/300311807,text,English,No Copyright – United States,http://rightsstatements.org/vocab/NoC-US/1.0/,LD5298.3 .S8,#REF!
UThandbook_1974-75,"Student handbook, University of Tennesee, 1974",Hill topics: a student handbook,1974,University of Tennessee,University of Tennessee,,Students' handbook to help acquaint students with the customs and traditions of the university.,76,College students,http://id.loc.gov/authorities/subjects/sh85028356,"College student orientation--Handbooks, manuals, etc.",http://id.loc.gov/authorities/subjects/sh2009120682,handbooks,http://vocab.getty.edu/aat/300311807,text,English,No Copyright – United States,http://rightsstatements.org/vocab/NoC-US/1.0/,LD5298.3 .S8,#REF!
UThandbook_1975-76,"Student handbook, University of Tennesee, 1975",Hill topics: a student handbook,1975,University of Tennessee,University of Tennessee,,Students' handbook to help acquaint students with the customs and traditions of the university.,84,College students,http://id.loc.gov/authorities/subjects/sh85028356,"College student orientation--Handbooks, manuals, etc.",http://id.loc.gov/authorities/subjects/sh2009120682,handbooks,http://vocab.getty.edu/aat/300311807,text,English,No Copyright – United States,http://rightsstatements.org/vocab/NoC-US/1.0/,LD5298.3 .S8,#REF!
UThandbook_1976-77,"Student handbook, University of Tennesee, 1976",Hill topics: a student handbook,1976,University of Tennessee,University of Tennessee,,Students' handbook to help acquaint students with the customs and traditions of the university.,88,College students,http://id.loc.gov/authorities/subjects/sh85028356,"College student orientation--Handbooks, manuals, etc.",http://id.loc.gov/authorities/subjects/sh2009120682,handbooks,http://vocab.getty.edu/aat/300311807,text,English,No Copyright – United States,http://rightsstatements.org/vocab/NoC-US/1.0/,LD5298.3 .S8,#REF!
UThandbook_1984-85,"Student handbook, University of Tennesee, 1984",Hill topics: a student handbook,1984,University of Tennessee,University of Tennessee,,Students' handbook to help acquaint students with the customs and traditions of the university.,24,College students,http://id.loc.gov/authorities/subjects/sh85028356,"College student orientation--Handbooks, manuals, etc.",http://id.loc.gov/authorities/subjects/sh2009120682,handbooks,http://vocab.getty.edu/aat/300311807,text,English,No Copyright – United States,http://rightsstatements.org/vocab/NoC-US/1.0/,LD5298.3 .S8,#REF!
UThandbook_1985-86,"Student handbook, University of Tennesee, 1985",Hill topics: a student handbook,1985,University of Tennessee,University of Tennessee,,Students' handbook to help acquaint students with the customs and traditions of the university.,28,College students,http://id.loc.gov/authorities/subjects/sh85028356,"College student orientation--Handbooks, manuals, etc.",http://id.loc.gov/authorities/subjects/sh2009120682,handbooks,http://vocab.getty.edu/aat/300311807,text,English,No Copyright – United States,http://rightsstatements.org/vocab/NoC-US/1.0/,LD5298.3 .S8,#REF!
UThandbook_1986-87,"Student handbook, University of Tennesee, 1986",Hill topics: a student handbook,1986,University of Tennessee,University of Tennessee,,Students' handbook to help acquaint students with the customs and traditions of the university.,28,College students,http://id.loc.gov/authorities/subjects/sh85028356,"College student orientation--Handbooks, manuals, etc.",http://id.loc.gov/authorities/subjects/sh2009120682,handbooks,http://vocab.getty.edu/aat/300311807,text,English,No Copyright – United States,http://rightsstatements.org/vocab/NoC-US/1.0/,LD5298.3 .S8,#REF!
UThandbook_1987-88,"Student handbook, University of Tennesee, 1987",Hill topics: a student handbook,1987,University of Tennessee,University of Tennessee,,Students' handbook to help acquaint students with the customs and traditions of the university.,28,College students,http://id.loc.gov/authorities/subjects/sh85028356,"College student orientation--Handbooks, manuals, etc.",http://id.loc.gov/authorities/subjects/sh2009120682,handbooks,http://vocab.getty.edu/aat/300311807,text,English,No Copyright – United States,http://rightsstatements.org/vocab/NoC-US/1.0/,LD5298.3 .S8,#REF!
UThandbook_1988-89,"Student handbook, University of Tennesee, 1988",Hill topics: a student handbook,1988,University of Tennessee,University of Tennessee,,Students' handbook to help acquaint students with the customs and traditions of the university.,28,College students,http://id.loc.gov/authorities/subjects/sh85028356,"College student orientation--Handbooks, manuals, etc.",http://id.loc.gov/authorities/subjects/sh2009120682,handbooks,http://vocab.getty.edu/aat/300311807,text,English,No Copyright – United States,http://rightsstatements.org/vocab/NoC-US/1.0/,LD5298.3 .S8,#REF!
UThandbook_1989-90,"Student handbook, University of Tennesee, 1989",Hill topics: a student handbook,1989,University of Tennessee,University of Tennessee,,Students' handbook to help acquaint students with the customs and traditions of the university.,28,College students,http://id.loc.gov/authorities/subjects/sh85028356,"College student orientation--Handbooks, manuals, etc.",http://id.loc.gov/authorities/subjects/sh2009120682,handbooks,http://vocab.getty.edu/aat/300311807,text,English,No Copyright – United States,http://rightsstatements.org/vocab/NoC-US/1.0/,LD5298.3 .S8,#REF!
UThandbook_1990-91,"Student handbook, University of Tennesee, 1990",Hill topics: a student handbook,1990,University of Tennessee,University of Tennessee,,Students' handbook to help acquaint students with the customs and traditions of the university.,68,College students,http://id.loc.gov/authorities/subjects/sh85028356,"College student orientation--Handbooks, manuals, etc.",http://id.loc.gov/authorities/subjects/sh2009120682,handbooks,http://vocab.getty.edu/aat/300311807,text,English,No Copyright – United States,http://rightsstatements.org/vocab/NoC-US/1.0/,LD5298.3 .S8,#REF!
UThandbook_1991-92,"Student handbook, University of Tennesee, 1991",Hill topics: a student handbook,1991,University of Tennessee,University of Tennessee,,Students' handbook to help acquaint students with the customs and traditions of the university.,68,College students,http://id.loc.gov/authorities/subjects/sh85028356,"College student orientation--Handbooks, manuals, etc.",http://id.loc.gov/authorities/subjects/sh2009120682,handbooks,http://vocab.getty.edu/aat/300311807,text,English,No Copyright – United States,http://rightsstatements.org/vocab/NoC-US/1.0/,LD5298.3 .S8,#REF!
UThandbook_1992-93,"Student handbook, University of Tennesee, 1992",Hill topics: a student handbook,1992,University of Tennessee,University of Tennessee,,Students' handbook to help acquaint students with the customs and traditions of the university.,68,College students,http://id.loc.gov/authorities/subjects/sh85028356,"College student orientation--Handbooks, manuals, etc.",http://id.loc.gov/authorities/subjects/sh2009120682,handbooks,http://vocab.getty.edu/aat/300311807,text,English,No Copyright – United States,http://rightsstatements.org/vocab/NoC-US/1.0/,LD5298.3 .S8,#REF!
UThandbook_1993-94,"Student handbook, University of Tennesee, 1993",Hill topics: a student handbook,1993,University of Tennessee,University of Tennessee,,Students' handbook to help acquaint students with the customs and traditions of the university.,68,College students,http://id.loc.gov/authorities/subjects/sh85028356,"College student orientation--Handbooks, manuals, etc.",http://id.loc.gov/authorities/subjects/sh2009120682,handbooks,http://vocab.getty.edu/aat/300311807,text,English,No Copyright – United States,http://rightsstatements.org/vocab/NoC-US/1.0/,LD5298.3 .S8,#REF!
UThandbook_1994-95,"Student handbook, University of Tennesee, 1994",Hill topics: a student handbook,1994,University of Tennessee,University of Tennessee,,Students' handbook to help acquaint students with the customs and traditions of the university.,68,College students,http://id.loc.gov/authorities/subjects/sh85028356,"College student orientation--Handbooks, manuals, etc.",http://id.loc.gov/authorities/subjects/sh2009120682,handbooks,http://vocab.getty.edu/aat/300311807,text,English,No Copyright – United States,http://rightsstatements.org/vocab/NoC-US/1.0/,LD5298.3 .S8,#REF!
UThandbook_1995-96,"Student handbook, University of Tennesee, 1995",Hill topics: a student handbook,1995,University of Tennessee,University of Tennessee,,Students' handbook to help acquaint students with the customs and traditions of the university.,68,College students,http://id.loc.gov/authorities/subjects/sh85028356,"College student orientation--Handbooks, manuals, etc.",http://id.loc.gov/authorities/subjects/sh2009120682,handbooks,http://vocab.getty.edu/aat/300311807,text,English,No Copyright – United States,http://rightsstatements.org/vocab/NoC-US/1.0/,LD5298.3 .S8,#REF!
UThandbook_1996-97,"Student handbook, University of Tennesee, 1996",Hill topics: a student handbook,1996,University of Tennessee,University of Tennessee,,Students' handbook to help acquaint students with the customs and traditions of the university.,76,College students,http://id.loc.gov/authorities/subjects/sh85028356,"College student orientation--Handbooks, manuals, etc.",http://id.loc.gov/authorities/subjects/sh2009120682,handbooks,http://vocab.getty.edu/aat/300311807,text,English,No Copyright – United States,http://rightsstatements.org/vocab/NoC-US/1.0/,LD5298.3 .S8,#REF!
UThandbook_1998-99,"Student handbook, University of Tennesee, 1998",Hill topics: a student handbook,1998,University of Tennessee,University of Tennessee,,Students' handbook to help acquaint students with the customs and traditions of the university.,76,College students,http://id.loc.gov/authorities/subjects/sh85028356,"College student orientation--Handbooks, manuals, etc.",http://id.loc.gov/authorities/subjects/sh2009120682,handbooks,http://vocab.getty.edu/aat/300311807,text,English,No Copyright – United States,http://rightsstatements.org/vocab/NoC-US/1.0/,LD5298.3 .S8,#REF!
UThandbook_2001-2002,"Student handbook, University of Tennesee, 2001",Hill topics: a student handbook,2001,University of Tennessee,University of Tennessee,,Students' handbook to help acquaint students with the customs and traditions of the university.,76,College students,http://id.loc.gov/authorities/subjects/sh85028356,"College student orientation--Handbooks, manuals, etc.",http://id.loc.gov/authorities/subjects/sh2009120748,handbooks,http://vocab.getty.edu/aat/300311807,text,English,No Copyright – United States,http://rightsstatements.org/vocab/NoC-US/1.0/,LD5298.3 .S8,#REF!
UThandbook_2002-2003,"Student handbook, University of Tennesee, 2002",Hill topics: a student handbook,2002,University of Tennessee,University of Tennessee,,Students' handbook to help acquaint students with the customs and traditions of the university.,76,College students,http://id.loc.gov/authorities/subjects/sh85028356,"College student orientation--Handbooks, manuals, etc.",http://id.loc.gov/authorities/subjects/sh2009120749,handbooks,http://vocab.getty.edu/aat/300311807,text,English,No Copyright – United States,http://rightsstatements.org/vocab/NoC-US/1.0/,LD5298.3 .S8,#REF!
UThandbook_2004-2005,"Student handbook, University of Tennesee, 2004",Hill topics: a student handbook,2004,University of Tennessee,University of Tennessee,,Students' handbook to help acquaint students with the customs and traditions of the university.,96,College students,http://id.loc.gov/authorities/subjects/sh85028356,"College student orientation--Handbooks, manuals, etc.",http://id.loc.gov/authorities/subjects/sh2009120750,handbooks,http://vocab.getty.edu/aat/300311807,text,English,No Copyright – United States,http://rightsstatements.org/vocab/NoC-US/1.0/,LD5298.3 .S8,#REF!
UThandbook_2005-2006,"Student handbook, University of Tennesee, 2005",Hill topics: a student handbook,2005,University of Tennessee,University of Tennessee,,Students' handbook to help acquaint students with the customs and traditions of the university.,96,College students,http://id.loc.gov/authorities/subjects/sh85028356,"College student orientation--Handbooks, manuals, etc.",http://id.loc.gov/authorities/subjects/sh2009120751,handbooks,http://vocab.getty.edu/aat/300311807,text,English,No Copyright – United States,http://rightsstatements.org/vocab/NoC-US/1.0/,LD5298.3 .S8,#REF!
UThandbook_2007-2008,"Student handbook, University of Tennesee, 2007",Hill topics: a student handbook,2007,University of Tennessee,University of Tennessee,,Students' handbook to help acquaint students with the customs and traditions of the university.,96,College students,http://id.loc.gov/authorities/subjects/sh85028356,"College student orientation--Handbooks, manuals, etc.",http://id.loc.gov/authorities/subjects/sh2009120752,handbooks,http://vocab.getty.edu/aat/300311807,text,English,No Copyright – United States,http://rightsstatements.org/vocab/NoC-US/1.0/,LD5298.3 .S8,#REF!
UThandbook_2008-2009,"Student handbook, University of Tennesee, 2008",Hill topics: a student handbook,2008,University of Tennessee,University of Tennessee,,Students' handbook to help acquaint students with the customs and traditions of the university.,96,College students,http://id.loc.gov/authorities/subjects/sh85028356,"College student orientation--Handbooks, manuals, etc.",http://id.loc.gov/authorities/subjects/sh2009120753,handbooks,http://vocab.getty.edu/aat/300311807,text,English,No Copyright – United States,http://rightsstatements.org/vocab/NoC-US/1.0/,LD5298.3 .S8,#REF!
UThandbook_2010-2011,"Student handbook, University of Tennesee, 2010",Hill topics: a student handbook,2010,University of Tennessee,University of Tennessee,,Students' handbook to help acquaint students with the customs and traditions of the university.,100,College students,http://id.loc.gov/authorities/subjects/sh85028356,"College student orientation--Handbooks, manuals, etc.",http://id.loc.gov/authorities/subjects/sh2009120754,handbooks,http://vocab.getty.edu/aat/300311807,text,English,No Copyright – United States,http://rightsstatements.org/vocab/NoC-US/1.0/,LD5298.3 .S8,#REF!
UThandbook_2012-2013,"Student handbook, University of Tennesee, 2012",Hill topics: a student handbook,2012,University of Tennessee,University of Tennessee,,Students' handbook to help acquaint students with the customs and traditions of the university.,100,College students,http://id.loc.gov/authorities/subjects/sh85028356,"College student orientation--Handbooks, manuals, etc.",http://id.loc.gov/authorities/subjects/sh2009120755,handbooks,http://vocab.getty.edu/aat/300311807,text,English,No Copyright – United States,http://rightsstatements.org/vocab/NoC-US/1.0/,LD5298.3 .S8,#REF!
UThandbook_2013-2014,"Student handbook, University of Tennesee, 2013",Hill topics: a student handbook,2013,University of Tennessee,University of Tennessee,,Students' handbook to help acquaint students with the customs and traditions of the university.,92,College students,http://id.loc.gov/authorities/subjects/sh85028356,"College student orientation--Handbooks, manuals, etc.",http://id.loc.gov/authorities/subjects/sh2009120756,handbooks,http://vocab.getty.edu/aat/300311807,text,English,No Copyright – United States,http://rightsstatements.org/vocab/NoC-US/1.0/,LD5298.3 .S8,#REF!